9/6/13 2:12:15 PM EDT,2083,642
9/6/13 2:12:15 PM EDT,2067,647
9/6/13 2:12:15 PM EDT,2090,638
9/6/13 2:12:15 PM EDT,2094,649
9/6/13 2:12:15 PM EDT,2076,629
9/6/13 2:12:15 PM EDT,2082,648
9/6/13 2:12:15 PM EDT,2100,641
9/6/13 2:12:15 PM EDT,2061,650
9/6/13 2:12:15 PM EDT,2068,664
9/6/13 2:12:15 PM EDT,2077,628
9/6/13 2:12:15 PM EDT,2084,642
9/6/13 2:12:15 PM EDT,2075,633
9/6/13 2:12:15 PM EDT,2085,650
9/6/13 2:12:15 PM EDT,2069,640
9/6/13 2:12:15 PM EDT,2099,638
9/6/13 2:12:15 PM EDT,2098,644
9/6/13 2:12:15 PM EDT,2070,649
9/6/13 2:12:15 PM EDT,2097,650
9/6/13 2:12:15 PM EDT,2086,653
9/6/13 2:12:15 PM EDT,2063,652
9/6/13 2:12:15 PM EDT,2079,648
9/6/13 2:12:15 PM EDT,2062,650
9/6/13 2:12:15 PM EDT,2096,635
9/6/13 2:12:15 PM EDT,2071,635
9/6/13 2:12:15 PM EDT,2078,636
9/6/13 2:12:15 PM EDT,2091,650
9/6/13 2:12:15 PM EDT,2088,653
9/6/13 2:12:15 PM EDT,2081,625
9/6/13 2:12:15 PM EDT,2087,645
9/6/13 2:12:15 PM EDT,2095,643
9/6/13 2:12:15 PM EDT,2072,654
9/6/13 2:12:15 PM EDT,2065,639
9/6/13 2:12:15 PM EDT,2074,644
9/6/13 2:12:15 PM EDT,2092,638
9/6/13 2:12:15 PM EDT,2064,638
9/6/13 2:12:15 PM EDT,2089,656
9/6/13 2:12:15 PM EDT,2073,656
9/6/13 2:12:15 PM EDT,2066,649
9/6/13 2:12:15 PM EDT,2093,656
9/6/13 2:12:15 PM EDT,2080,642
